,Byte_count,Request_count,Day,Hour,Minute
1,12211751.0,4512, 28/May/1998,22,0
2,13474103.0,5166, 28/May/1998,22,1
3,9421596.0,4307, 28/May/1998,22,2
4,14976295.0,5061, 28/May/1998,22,3
5,11750988.0,5140, 28/May/1998,22,4
6,18868474.0,4616, 28/May/1998,22,5
7,12663967.0,4771, 28/May/1998,22,6
8,17517171.0,4929, 28/May/1998,22,7
9,25889149.0,4785, 28/May/1998,22,8
10,25497485.0,5067, 28/May/1998,22,9
11,13869633.0,5492, 28/May/1998,22,10
12,16986431.0,4983, 28/May/1998,22,11
13,32102213.0,4592, 28/May/1998,22,12
14,22423654.0,4520, 28/May/1998,22,13
15,15101621.0,4580, 28/May/1998,22,14
16,29041688.0,5037, 28/May/1998,22,15
17,26110855.0,5008, 28/May/1998,22,16
18,20216777.0,4767, 28/May/1998,22,17
19,14494495.0,4939, 28/May/1998,22,18
20,20177295.0,5514, 28/May/1998,22,19
21,15471005.0,5163, 28/May/1998,22,20
22,16984929.0,5104, 28/May/1998,22,21
23,16932412.0,5089, 28/May/1998,22,22
24,25743554.0,5166, 28/May/1998,22,23
25,20987002.0,5195, 28/May/1998,22,24
26,14877486.0,4604, 28/May/1998,22,25
27,24276416.0,4978, 28/May/1998,22,26
28,26324157.0,4704, 28/May/1998,22,27
29,27930392.0,4669, 28/May/1998,22,28
30,20490065.0,4551, 28/May/1998,22,29
31,23148745.0,4821, 28/May/1998,22,30
32,29506290.0,5261, 28/May/1998,22,31
33,23258249.0,5052, 28/May/1998,22,32
34,20048661.0,4404, 28/May/1998,22,33
35,16817668.0,5077, 28/May/1998,22,34
36,18482201.0,4860, 28/May/1998,22,35
37,25384055.0,4249, 28/May/1998,22,36
38,27465523.0,4812, 28/May/1998,22,37
39,13722249.0,5232, 28/May/1998,22,38
40,22607447.0,4432, 28/May/1998,22,39
41,18157548.0,4807, 28/May/1998,22,40
42,15137983.0,4565, 28/May/1998,22,41
43,18002315.0,4305, 28/May/1998,22,42
44,17945724.0,4773, 28/May/1998,22,43
45,16866332.0,4907, 28/May/1998,22,44
46,33577958.0,4429, 28/May/1998,22,45
47,16862147.0,4817, 28/May/1998,22,46
48,30303149.0,5173, 28/May/1998,22,47
49,15508005.0,4430, 28/May/1998,22,48
50,19738749.0,4260, 28/May/1998,22,49
51,21476813.0,4709, 28/May/1998,22,50
52,23915559.0,5001, 28/May/1998,22,51
53,20594218.0,4396, 28/May/1998,22,52
54,15300724.0,4480, 28/May/1998,22,53
55,12962949.0,4678, 28/May/1998,22,54
56,24080700.0,4279, 28/May/1998,22,55
57,16214233.0,4272, 28/May/1998,22,56
58,15479738.0,4158, 28/May/1998,22,57
59,23974643.0,4100, 28/May/1998,22,58
60,12990239.0,4683, 28/May/1998,22,59
61,16019012.0,4512, 28/May/1998,23,0
62,18189408.0,5166, 28/May/1998,23,1
63,14190956.0,4307, 28/May/1998,23,2
64,18733450.0,5061, 28/May/1998,23,3
65,13146026.0,5140, 28/May/1998,23,4
66,11358233.0,4616, 28/May/1998,23,5
67,13603486.0,4771, 28/May/1998,23,6
68,13881364.0,4929, 28/May/1998,23,7
69,15954974.0,4785, 28/May/1998,23,8
70,16939828.0,5067, 28/May/1998,23,9
71,14806329.0,5492, 28/May/1998,23,10
72,14912172.0,4983, 28/May/1998,23,11
73,13995969.0,4592, 28/May/1998,23,12
74,9855824.0,4520, 28/May/1998,23,13
75,16695630.0,4580, 28/May/1998,23,14
76,12854936.0,5037, 28/May/1998,23,15
77,20077505.0,5008, 28/May/1998,23,16
78,16432213.0,4767, 28/May/1998,23,17
79,18930734.0,4939, 28/May/1998,23,18
80,16864176.0,5514, 28/May/1998,23,19
81,15639234.0,5163, 28/May/1998,23,20
82,15109190.0,5104, 28/May/1998,23,21
83,13631255.0,5089, 28/May/1998,23,22
84,14861129.0,5166, 28/May/1998,23,23
85,15423453.0,5195, 28/May/1998,23,24
86,15371192.0,4604, 28/May/1998,23,25
87,11152370.0,4978, 28/May/1998,23,26
88,15891113.0,4704, 28/May/1998,23,27
89,13814121.0,4669, 28/May/1998,23,28
90,11526622.0,4551, 28/May/1998,23,29
91,9309066.0,4821, 28/May/1998,23,30
92,17828152.0,5261, 28/May/1998,23,31
93,15922578.0,5052, 28/May/1998,23,32
94,18188408.0,4404, 28/May/1998,23,33
95,22952278.0,5077, 28/May/1998,23,34
96,18100495.0,4860, 28/May/1998,23,35
97,16171900.0,4249, 28/May/1998,23,36
98,10699451.0,4812, 28/May/1998,23,37
99,19977438.0,5232, 28/May/1998,23,38
100,16024693.0,4432, 28/May/1998,23,39
101,18073652.0,4807, 28/May/1998,23,40
102,19290485.0,4565, 28/May/1998,23,41
103,16446560.0,4305, 28/May/1998,23,42
104,12903999.0,4773, 28/May/1998,23,43
105,20852042.0,4907, 28/May/1998,23,44
106,20335274.0,4429, 28/May/1998,23,45
107,16424946.0,4817, 28/May/1998,23,46
108,16860450.0,5173, 28/May/1998,23,47
109,16720140.0,4430, 28/May/1998,23,48
110,21994761.0,4260, 28/May/1998,23,49
111,10645117.0,4709, 28/May/1998,23,50
112,19691974.0,5001, 28/May/1998,23,51
113,17137550.0,4396, 28/May/1998,23,52
114,16024566.0,4480, 28/May/1998,23,53
115,20470554.0,4678, 28/May/1998,23,54
116,15040865.0,4279, 28/May/1998,23,55
117,18607512.0,4272, 28/May/1998,23,56
118,12481203.0,4158, 28/May/1998,23,57
119,20759336.0,4100, 28/May/1998,23,58
120,18158654.0,4683, 28/May/1998,23,59
121,19951657.0,60282, 29/May/1998,0,0
122,22179965.0,60636, 29/May/1998,0,1
123,17818706.0,59121, 29/May/1998,0,2
124,16377974.0,60216, 29/May/1998,0,3
125,18839768.0,62579, 29/May/1998,0,4
126,23235161.0,62607, 29/May/1998,0,5
127,17575512.0,60721, 29/May/1998,0,6
128,10814148.0,60577, 29/May/1998,0,7
129,18607294.0,60834, 29/May/1998,0,8
130,18756706.0,61935, 29/May/1998,0,9
131,14608522.0,60339, 29/May/1998,0,10
132,11734596.0,60240, 29/May/1998,0,11
133,10835635.0,60274, 29/May/1998,0,12
134,15819157.0,59544, 29/May/1998,0,13
135,18770964.0,59837, 29/May/1998,0,14
136,15483199.0,60812, 29/May/1998,0,15
137,16646623.0,62613, 29/May/1998,0,16
138,21982942.0,60057, 29/May/1998,0,17
139,19355233.0,59255, 29/May/1998,0,18
140,13639972.0,61343, 29/May/1998,0,19
141,14813965.0,62615, 29/May/1998,0,20
142,15045382.0,61890, 29/May/1998,0,21
143,26150679.0,62556, 29/May/1998,0,22
144,21760871.0,62793, 29/May/1998,0,23
145,19483140.0,61645, 29/May/1998,0,24
146,19056411.0,59218, 29/May/1998,0,25
147,27209628.0,60378, 29/May/1998,0,26
148,13666825.0,61977, 29/May/1998,0,27
149,14679348.0,59409, 29/May/1998,0,28
150,15220651.0,59885, 29/May/1998,0,29
151,13889752.0,60349, 29/May/1998,0,30
152,15895981.0,59958, 29/May/1998,0,31
153,18128667.0,60651, 29/May/1998,0,32
154,20762766.0,60537, 29/May/1998,0,33
155,24642263.0,61073, 29/May/1998,0,34
156,15675064.0,61471, 29/May/1998,0,35
157,16937187.0,59849, 29/May/1998,0,36
158,19627832.0,60534, 29/May/1998,0,37
159,27147782.0,59041, 29/May/1998,0,38
160,25937654.0,61981, 29/May/1998,0,39
161,17357062.0,61966, 29/May/1998,0,40
162,22555911.0,61266, 29/May/1998,0,41
163,22964469.0,62334, 29/May/1998,0,42
164,22734594.0,63998, 29/May/1998,0,43
165,20755373.0,63092, 29/May/1998,0,44
166,26461465.0,62876, 29/May/1998,0,45
167,31883569.0,62380, 29/May/1998,0,46
168,17788049.0,62480, 29/May/1998,0,47
169,22838507.0,63487, 29/May/1998,0,48
170,18714999.0,62027, 29/May/1998,0,49
171,18371637.0,63924, 29/May/1998,0,50
172,16166327.0,61182, 29/May/1998,0,51
173,24507312.0,60777, 29/May/1998,0,52
174,32248087.0,61757, 29/May/1998,0,53
175,26465704.0,61825, 29/May/1998,0,54
176,15865436.0,63228, 29/May/1998,0,55
177,25827411.0,61833, 29/May/1998,0,56
178,19971890.0,62362, 29/May/1998,0,57
179,20053936.0,59918, 29/May/1998,0,58
180,29978479.0,61428, 29/May/1998,0,59
181,15551275.0,60282, 29/May/1998,1,0
182,22052439.0,60636, 29/May/1998,1,1
183,25840438.0,59121, 29/May/1998,1,2
184,17849643.0,60216, 29/May/1998,1,3
185,24450969.0,62579, 29/May/1998,1,4
186,21628507.0,62607, 29/May/1998,1,5
187,17616445.0,60721, 29/May/1998,1,6
188,22728636.0,60577, 29/May/1998,1,7
189,20817553.0,60834, 29/May/1998,1,8
190,15348617.0,61935, 29/May/1998,1,9
191,21704347.0,60339, 29/May/1998,1,10
192,14001539.0,60240, 29/May/1998,1,11
193,17338093.0,60274, 29/May/1998,1,12
194,21133968.0,59544, 29/May/1998,1,13
195,17514407.0,59837, 29/May/1998,1,14
196,16169769.0,60812, 29/May/1998,1,15
197,14537296.0,62613, 29/May/1998,1,16
198,19475091.0,60057, 29/May/1998,1,17
199,22159454.0,59255, 29/May/1998,1,18
200,19056418.0,61343, 29/May/1998,1,19
201,23137415.0,62615, 29/May/1998,1,20
202,19956307.0,61890, 29/May/1998,1,21
203,17139945.0,62556, 29/May/1998,1,22
204,17245360.0,62793, 29/May/1998,1,23
205,19536072.0,61645, 29/May/1998,1,24
206,12000081.0,59218, 29/May/1998,1,25
207,14652890.0,60378, 29/May/1998,1,26
208,14147992.0,61977, 29/May/1998,1,27
209,10936220.0,59409, 29/May/1998,1,28
210,18774251.0,59885, 29/May/1998,1,29
211,14938337.0,60349, 29/May/1998,1,30
212,14058406.0,59958, 29/May/1998,1,31
213,17738276.0,60651, 29/May/1998,1,32
214,14491517.0,60537, 29/May/1998,1,33
215,9542779.0,61073, 29/May/1998,1,34
216,18107174.0,61471, 29/May/1998,1,35
217,16782519.0,59849, 29/May/1998,1,36
218,20561681.0,60534, 29/May/1998,1,37
219,14536457.0,59041, 29/May/1998,1,38
220,10771843.0,61981, 29/May/1998,1,39
221,20725534.0,61966, 29/May/1998,1,40
222,25285117.0,61266, 29/May/1998,1,41
223,24851383.0,62334, 29/May/1998,1,42
224,21597061.0,63998, 29/May/1998,1,43
225,20102737.0,63092, 29/May/1998,1,44
226,15372589.0,62876, 29/May/1998,1,45
227,16356955.0,62380, 29/May/1998,1,46
228,15813186.0,62480, 29/May/1998,1,47
229,14531668.0,63487, 29/May/1998,1,48
230,14529122.0,62027, 29/May/1998,1,49
231,20327118.0,63924, 29/May/1998,1,50
232,16740304.0,61182, 29/May/1998,1,51
233,10169190.0,60777, 29/May/1998,1,52
234,19626578.0,61757, 29/May/1998,1,53
235,16286131.0,61825, 29/May/1998,1,54
236,17322798.0,63228, 29/May/1998,1,55
237,16431953.0,61833, 29/May/1998,1,56
238,13894944.0,62362, 29/May/1998,1,57
239,17297821.0,59918, 29/May/1998,1,58
240,14213473.0,61428, 29/May/1998,1,59
241,18489878.0,60282, 29/May/1998,2,0
242,21667410.0,60636, 29/May/1998,2,1
243,16143689.0,59121, 29/May/1998,2,2
244,16459939.0,60216, 29/May/1998,2,3
245,16978236.0,62579, 29/May/1998,2,4
246,13451254.0,62607, 29/May/1998,2,5
247,15408081.0,60721, 29/May/1998,2,6
248,19693158.0,60577, 29/May/1998,2,7
249,17852770.0,60834, 29/May/1998,2,8
250,14853830.0,61935, 29/May/1998,2,9
251,12462848.0,60339, 29/May/1998,2,10
252,17020943.0,60240, 29/May/1998,2,11
253,15638251.0,60274, 29/May/1998,2,12
254,9923466.0,59544, 29/May/1998,2,13
255,15464741.0,59837, 29/May/1998,2,14
256,13029558.0,60812, 29/May/1998,2,15
257,8682602.0,62613, 29/May/1998,2,16
258,15979198.0,60057, 29/May/1998,2,17
259,13358286.0,59255, 29/May/1998,2,18
260,11031560.0,61343, 29/May/1998,2,19
261,17553665.0,62615, 29/May/1998,2,20
262,12078937.0,61890, 29/May/1998,2,21
263,20693731.0,62556, 29/May/1998,2,22
264,10112469.0,62793, 29/May/1998,2,23
265,19243239.0,61645, 29/May/1998,2,24
266,9517562.0,59218, 29/May/1998,2,25
267,15123943.0,60378, 29/May/1998,2,26
268,16404810.0,61977, 29/May/1998,2,27
269,15996131.0,59409, 29/May/1998,2,28
270,7122686.0,59885, 29/May/1998,2,29
271,11239573.0,60349, 29/May/1998,2,30
272,22810931.0,59958, 29/May/1998,2,31
273,17743632.0,60651, 29/May/1998,2,32
274,16465140.0,60537, 29/May/1998,2,33
275,10347761.0,61073, 29/May/1998,2,34
276,14541948.0,61471, 29/May/1998,2,35
277,22333784.0,59849, 29/May/1998,2,36
278,18784469.0,60534, 29/May/1998,2,37
279,16760902.0,59041, 29/May/1998,2,38
280,12168151.0,61981, 29/May/1998,2,39
281,27569664.0,61966, 29/May/1998,2,40
282,18304236.0,61266, 29/May/1998,2,41
283,15332426.0,62334, 29/May/1998,2,42
284,24677091.0,63998, 29/May/1998,2,43
285,17650824.0,63092, 29/May/1998,2,44
286,12829063.0,62876, 29/May/1998,2,45
287,17166702.0,62380, 29/May/1998,2,46
288,11405603.0,62480, 29/May/1998,2,47
289,16709750.0,63487, 29/May/1998,2,48
290,13824094.0,62027, 29/May/1998,2,49
291,13128314.0,63924, 29/May/1998,2,50
292,17582774.0,61182, 29/May/1998,2,51
293,17184457.0,60777, 29/May/1998,2,52
294,13932705.0,61757, 29/May/1998,2,53
295,9552478.0,61825, 29/May/1998,2,54
296,10888258.0,63228, 29/May/1998,2,55
297,17880601.0,61833, 29/May/1998,2,56
298,14482349.0,62362, 29/May/1998,2,57
299,13352351.0,59918, 29/May/1998,2,58
300,12802849.0,61428, 29/May/1998,2,59
301,14060376.0,60282, 29/May/1998,3,0
302,18516507.0,60636, 29/May/1998,3,1
303,8794812.0,59121, 29/May/1998,3,2
304,11457203.0,60216, 29/May/1998,3,3
305,17065736.0,62579, 29/May/1998,3,4
306,15481540.0,62607, 29/May/1998,3,5
307,8631201.0,60721, 29/May/1998,3,6
308,11341590.0,60577, 29/May/1998,3,7
309,13447596.0,60834, 29/May/1998,3,8
310,12583298.0,61935, 29/May/1998,3,9
311,18403268.0,60339, 29/May/1998,3,10
312,21361051.0,60240, 29/May/1998,3,11
313,17353328.0,60274, 29/May/1998,3,12
314,11700889.0,59544, 29/May/1998,3,13
315,15366604.0,59837, 29/May/1998,3,14
316,7496763.0,60812, 29/May/1998,3,15
317,13674263.0,62613, 29/May/1998,3,16
318,14979144.0,60057, 29/May/1998,3,17
319,7478899.0,59255, 29/May/1998,3,18
320,16674790.0,61343, 29/May/1998,3,19
321,14326133.0,62615, 29/May/1998,3,20
322,15440101.0,61890, 29/May/1998,3,21
323,21762736.0,62556, 29/May/1998,3,22
324,15335798.0,62793, 29/May/1998,3,23
325,15776444.0,61645, 29/May/1998,3,24
326,13143392.0,59218, 29/May/1998,3,25
327,12251331.0,60378, 29/May/1998,3,26
328,17198909.0,61977, 29/May/1998,3,27
329,15784493.0,59409, 29/May/1998,3,28
330,17431502.0,59885, 29/May/1998,3,29
331,13076907.0,60349, 29/May/1998,3,30
332,19198024.0,59958, 29/May/1998,3,31
333,14190925.0,60651, 29/May/1998,3,32
334,20350303.0,60537, 29/May/1998,3,33
335,12429755.0,61073, 29/May/1998,3,34
336,17277530.0,61471, 29/May/1998,3,35
337,13492597.0,59849, 29/May/1998,3,36
338,17056995.0,60534, 29/May/1998,3,37
339,16882793.0,59041, 29/May/1998,3,38
340,19570697.0,61981, 29/May/1998,3,39
341,20749546.0,61966, 29/May/1998,3,40
342,17691366.0,61266, 29/May/1998,3,41
343,12094150.0,62334, 29/May/1998,3,42
344,8441837.0,63998, 29/May/1998,3,43
345,11844595.0,63092, 29/May/1998,3,44
346,16636455.0,62876, 29/May/1998,3,45
347,17625798.0,62380, 29/May/1998,3,46
348,10227944.0,62480, 29/May/1998,3,47
349,13335536.0,63487, 29/May/1998,3,48
350,13630987.0,62027, 29/May/1998,3,49
351,13333559.0,63924, 29/May/1998,3,50
352,13984035.0,61182, 29/May/1998,3,51
353,12993804.0,60777, 29/May/1998,3,52
354,13185543.0,61757, 29/May/1998,3,53
355,15083960.0,61825, 29/May/1998,3,54
356,12938008.0,63228, 29/May/1998,3,55
357,14936227.0,61833, 29/May/1998,3,56
358,21058103.0,62362, 29/May/1998,3,57
359,11627450.0,59918, 29/May/1998,3,58
360,19980090.0,61428, 29/May/1998,3,59
361,14733252.0,60282, 29/May/1998,4,0
362,12626984.0,60636, 29/May/1998,4,1
363,12505327.0,59121, 29/May/1998,4,2
364,12259589.0,60216, 29/May/1998,4,3
365,14591042.0,62579, 29/May/1998,4,4
366,10240266.0,62607, 29/May/1998,4,5
367,12811718.0,60721, 29/May/1998,4,6
368,16073519.0,60577, 29/May/1998,4,7
369,22571410.0,60834, 29/May/1998,4,8
370,17019166.0,61935, 29/May/1998,4,9
371,13084504.0,60339, 29/May/1998,4,10
372,14025340.0,60240, 29/May/1998,4,11
373,14813009.0,60274, 29/May/1998,4,12
374,11216481.0,59544, 29/May/1998,4,13
375,17684591.0,59837, 29/May/1998,4,14
376,11911324.0,60812, 29/May/1998,4,15
377,8860640.0,62613, 29/May/1998,4,16
378,12499140.0,60057, 29/May/1998,4,17
379,10302812.0,59255, 29/May/1998,4,18
380,10809086.0,61343, 29/May/1998,4,19
381,13295712.0,62615, 29/May/1998,4,20
382,15094352.0,61890, 29/May/1998,4,21
383,10775831.0,62556, 29/May/1998,4,22
384,12493513.0,62793, 29/May/1998,4,23
385,15911272.0,61645, 29/May/1998,4,24
386,14918461.0,59218, 29/May/1998,4,25
387,13422103.0,60378, 29/May/1998,4,26
388,17938383.0,61977, 29/May/1998,4,27
389,11190819.0,59409, 29/May/1998,4,28
390,16192109.0,59885, 29/May/1998,4,29
391,16299233.0,60349, 29/May/1998,4,30
392,13733291.0,59958, 29/May/1998,4,31
393,10429944.0,60651, 29/May/1998,4,32
394,14904379.0,60537, 29/May/1998,4,33
395,8622844.0,61073, 29/May/1998,4,34
396,11016765.0,61471, 29/May/1998,4,35
397,8605266.0,59849, 29/May/1998,4,36
398,10307062.0,60534, 29/May/1998,4,37
399,22059261.0,59041, 29/May/1998,4,38
400,16821350.0,61981, 29/May/1998,4,39
401,14373071.0,61966, 29/May/1998,4,40
402,7775749.0,61266, 29/May/1998,4,41
403,7194403.0,62334, 29/May/1998,4,42
404,15105314.0,63998, 29/May/1998,4,43
405,21633890.0,63092, 29/May/1998,4,44
406,14258887.0,62876, 29/May/1998,4,45
407,9565452.0,62380, 29/May/1998,4,46
408,16331891.0,62480, 29/May/1998,4,47
409,9038754.0,63487, 29/May/1998,4,48
410,15246055.0,62027, 29/May/1998,4,49
411,8601600.0,63924, 29/May/1998,4,50
412,14100341.0,61182, 29/May/1998,4,51
413,8723615.0,60777, 29/May/1998,4,52
414,13217740.0,61757, 29/May/1998,4,53
415,12184476.0,61825, 29/May/1998,4,54
416,14708511.0,63228, 29/May/1998,4,55
417,17943052.0,61833, 29/May/1998,4,56
418,13733163.0,62362, 29/May/1998,4,57
419,23370080.0,59918, 29/May/1998,4,58
420,9313650.0,61428, 29/May/1998,4,59
421,15107294.0,60282, 29/May/1998,5,0
422,14477528.0,60636, 29/May/1998,5,1
423,12929538.0,59121, 29/May/1998,5,2
424,15609960.0,60216, 29/May/1998,5,3
425,8545165.0,62579, 29/May/1998,5,4
426,18718245.0,62607, 29/May/1998,5,5
427,14412213.0,60721, 29/May/1998,5,6
428,16330579.0,60577, 29/May/1998,5,7
429,20660499.0,60834, 29/May/1998,5,8
430,14380015.0,61935, 29/May/1998,5,9
431,12854976.0,60339, 29/May/1998,5,10
432,12458637.0,60240, 29/May/1998,5,11
433,8425942.0,60274, 29/May/1998,5,12
434,12015681.0,59544, 29/May/1998,5,13
435,11529247.0,59837, 29/May/1998,5,14
436,10320592.0,60812, 29/May/1998,5,15
437,11213992.0,62613, 29/May/1998,5,16
438,16195310.0,60057, 29/May/1998,5,17
439,10876125.0,59255, 29/May/1998,5,18
440,14256880.0,61343, 29/May/1998,5,19
441,9963383.0,62615, 29/May/1998,5,20
442,9383825.0,61890, 29/May/1998,5,21
443,8587122.0,62556, 29/May/1998,5,22
444,15245464.0,62793, 29/May/1998,5,23
445,13673155.0,61645, 29/May/1998,5,24
446,17289682.0,59218, 29/May/1998,5,25
447,11992722.0,60378, 29/May/1998,5,26
448,14701420.0,61977, 29/May/1998,5,27
449,14182123.0,59409, 29/May/1998,5,28
450,13213692.0,59885, 29/May/1998,5,29
451,12302367.0,60349, 29/May/1998,5,30
452,18148141.0,59958, 29/May/1998,5,31
453,11133500.0,60651, 29/May/1998,5,32
454,14790129.0,60537, 29/May/1998,5,33
455,12668690.0,61073, 29/May/1998,5,34
456,10207579.0,61471, 29/May/1998,5,35
457,13039363.0,59849, 29/May/1998,5,36
458,17096973.0,60534, 29/May/1998,5,37
459,11178317.0,59041, 29/May/1998,5,38
460,14249592.0,61981, 29/May/1998,5,39
461,16174416.0,61966, 29/May/1998,5,40
462,18503186.0,61266, 29/May/1998,5,41
463,15257263.0,62334, 29/May/1998,5,42
464,8320743.0,63998, 29/May/1998,5,43
465,9555575.0,63092, 29/May/1998,5,44
466,9521486.0,62876, 29/May/1998,5,45
467,12246480.0,62380, 29/May/1998,5,46
468,17184759.0,62480, 29/May/1998,5,47
469,11369277.0,63487, 29/May/1998,5,48
470,8086742.0,62027, 29/May/1998,5,49
471,11424232.0,63924, 29/May/1998,5,50
472,10844802.0,61182, 29/May/1998,5,51
473,9348942.0,60777, 29/May/1998,5,52
474,7808762.0,61757, 29/May/1998,5,53
475,10747657.0,61825, 29/May/1998,5,54
476,12538499.0,63228, 29/May/1998,5,55
477,11515238.0,61833, 29/May/1998,5,56
478,21196555.0,62362, 29/May/1998,5,57
479,12437221.0,59918, 29/May/1998,5,58
480,18424625.0,61428, 29/May/1998,5,59
481,21259635.0,60282, 29/May/1998,6,0
482,14457463.0,60636, 29/May/1998,6,1
483,7968613.0,59121, 29/May/1998,6,2
484,10240125.0,60216, 29/May/1998,6,3
485,14708911.0,62579, 29/May/1998,6,4
486,8576408.0,62607, 29/May/1998,6,5
487,15507329.0,60721, 29/May/1998,6,6
488,7929896.0,60577, 29/May/1998,6,7
489,11364717.0,60834, 29/May/1998,6,8
490,17758374.0,61935, 29/May/1998,6,9
491,16865288.0,60339, 29/May/1998,6,10
492,15228251.0,60240, 29/May/1998,6,11
493,20298741.0,60274, 29/May/1998,6,12
494,19549478.0,59544, 29/May/1998,6,13
495,11374084.0,59837, 29/May/1998,6,14
496,13049949.0,60812, 29/May/1998,6,15
497,12248137.0,62613, 29/May/1998,6,16
498,12691639.0,60057, 29/May/1998,6,17
499,17553219.0,59255, 29/May/1998,6,18
500,11690052.0,61343, 29/May/1998,6,19
501,14171790.0,62615, 29/May/1998,6,20
502,9642905.0,61890, 29/May/1998,6,21
503,12547849.0,62556, 29/May/1998,6,22
504,16685529.0,62793, 29/May/1998,6,23
505,15074737.0,61645, 29/May/1998,6,24
506,14468556.0,59218, 29/May/1998,6,25
507,13748426.0,60378, 29/May/1998,6,26
508,18355345.0,61977, 29/May/1998,6,27
509,23931948.0,59409, 29/May/1998,6,28
510,13985183.0,59885, 29/May/1998,6,29
511,23528432.0,60349, 29/May/1998,6,30
512,18722708.0,59958, 29/May/1998,6,31
513,18668000.0,60651, 29/May/1998,6,32
514,13919305.0,60537, 29/May/1998,6,33
515,21712329.0,61073, 29/May/1998,6,34
516,20857455.0,61471, 29/May/1998,6,35
517,19690681.0,59849, 29/May/1998,6,36
518,21715961.0,60534, 29/May/1998,6,37
519,14585743.0,59041, 29/May/1998,6,38
520,14846421.0,61981, 29/May/1998,6,39
521,13959723.0,61966, 29/May/1998,6,40
522,29737851.0,61266, 29/May/1998,6,41
523,13365455.0,62334, 29/May/1998,6,42
524,11190984.0,63998, 29/May/1998,6,43
525,22913284.0,63092, 29/May/1998,6,44
526,16053417.0,62876, 29/May/1998,6,45
527,27651838.0,62380, 29/May/1998,6,46
528,19399627.0,62480, 29/May/1998,6,47
529,14065660.0,63487, 29/May/1998,6,48
530,13946877.0,62027, 29/May/1998,6,49
531,15139253.0,63924, 29/May/1998,6,50
532,21862506.0,61182, 29/May/1998,6,51
533,13312675.0,60777, 29/May/1998,6,52
534,18075749.0,61757, 29/May/1998,6,53
535,12614611.0,61825, 29/May/1998,6,54
536,19103278.0,63228, 29/May/1998,6,55
537,24313031.0,61833, 29/May/1998,6,56
538,26816397.0,62362, 29/May/1998,6,57
539,15983195.0,59918, 29/May/1998,6,58
540,22679784.0,61428, 29/May/1998,6,59
541,19229871.0,60282, 29/May/1998,7,0
542,13188782.0,60636, 29/May/1998,7,1
543,10731471.0,59121, 29/May/1998,7,2
544,18788342.0,60216, 29/May/1998,7,3
545,14905403.0,62579, 29/May/1998,7,4
546,14671145.0,62607, 29/May/1998,7,5
547,12748359.0,60721, 29/May/1998,7,6
548,10932718.0,60577, 29/May/1998,7,7
549,17288300.0,60834, 29/May/1998,7,8
550,14328725.0,61935, 29/May/1998,7,9
551,15484414.0,60339, 29/May/1998,7,10
552,13097635.0,60240, 29/May/1998,7,11
553,14867228.0,60274, 29/May/1998,7,12
554,10076567.0,59544, 29/May/1998,7,13
555,25075104.0,59837, 29/May/1998,7,14
556,18141232.0,60812, 29/May/1998,7,15
557,19369005.0,62613, 29/May/1998,7,16
558,26479219.0,60057, 29/May/1998,7,17
559,17611945.0,59255, 29/May/1998,7,18
560,12593217.0,61343, 29/May/1998,7,19
561,15908069.0,62615, 29/May/1998,7,20
562,16213035.0,61890, 29/May/1998,7,21
563,15159038.0,62556, 29/May/1998,7,22
564,14800581.0,62793, 29/May/1998,7,23
565,16111112.0,61645, 29/May/1998,7,24
566,18043917.0,59218, 29/May/1998,7,25
567,16132579.0,60378, 29/May/1998,7,26
568,17437829.0,61977, 29/May/1998,7,27
569,18626571.0,59409, 29/May/1998,7,28
570,10942756.0,59885, 29/May/1998,7,29
571,10907939.0,60349, 29/May/1998,7,30
572,16043561.0,59958, 29/May/1998,7,31
573,18364726.0,60651, 29/May/1998,7,32
574,11581814.0,60537, 29/May/1998,7,33
575,17620449.0,61073, 29/May/1998,7,34
576,24166858.0,61471, 29/May/1998,7,35
577,14594773.0,59849, 29/May/1998,7,36
578,16651532.0,60534, 29/May/1998,7,37
579,14649112.0,59041, 29/May/1998,7,38
580,16291188.0,61981, 29/May/1998,7,39
581,14265211.0,61966, 29/May/1998,7,40
582,12857894.0,61266, 29/May/1998,7,41
583,15748940.0,62334, 29/May/1998,7,42
584,14814625.0,63998, 29/May/1998,7,43
585,26020167.0,63092, 29/May/1998,7,44
586,22554561.0,62876, 29/May/1998,7,45
587,19538549.0,62380, 29/May/1998,7,46
588,23983329.0,62480, 29/May/1998,7,47
589,12791024.0,63487, 29/May/1998,7,48
590,18281468.0,62027, 29/May/1998,7,49
591,12937947.0,63924, 29/May/1998,7,50
592,17372543.0,61182, 29/May/1998,7,51
593,21085419.0,60777, 29/May/1998,7,52
594,16677063.0,61757, 29/May/1998,7,53
595,15490226.0,61825, 29/May/1998,7,54
596,10810034.0,63228, 29/May/1998,7,55
597,12632041.0,61833, 29/May/1998,7,56
598,19527322.0,62362, 29/May/1998,7,57
599,16993940.0,59918, 29/May/1998,7,58
600,16490271.0,61428, 29/May/1998,7,59
601,22540809.0,60282, 29/May/1998,8,0
602,18262165.0,60636, 29/May/1998,8,1
603,11970387.0,59121, 29/May/1998,8,2
604,17928173.0,60216, 29/May/1998,8,3
605,31489883.0,62579, 29/May/1998,8,4
606,30411121.0,62607, 29/May/1998,8,5
607,18901947.0,60721, 29/May/1998,8,6
608,19563627.0,60577, 29/May/1998,8,7
609,12859384.0,60834, 29/May/1998,8,8
610,17612839.0,61935, 29/May/1998,8,9
611,16529346.0,60339, 29/May/1998,8,10
612,18072711.0,60240, 29/May/1998,8,11
613,15207652.0,60274, 29/May/1998,8,12
614,16459114.0,59544, 29/May/1998,8,13
615,14648061.0,59837, 29/May/1998,8,14
616,23072636.0,60812, 29/May/1998,8,15
617,16831499.0,62613, 29/May/1998,8,16
618,17775599.0,60057, 29/May/1998,8,17
619,11677312.0,59255, 29/May/1998,8,18
620,19183616.0,61343, 29/May/1998,8,19
621,14850926.0,62615, 29/May/1998,8,20
622,16538765.0,61890, 29/May/1998,8,21
623,22303611.0,62556, 29/May/1998,8,22
624,20344769.0,62793, 29/May/1998,8,23
625,17788195.0,61645, 29/May/1998,8,24
626,27495155.0,59218, 29/May/1998,8,25
627,23569642.0,60378, 29/May/1998,8,26
628,17450340.0,61977, 29/May/1998,8,27
629,18509411.0,59409, 29/May/1998,8,28
630,17091620.0,59885, 29/May/1998,8,29
631,26438345.0,60349, 29/May/1998,8,30
632,18035309.0,59958, 29/May/1998,8,31
633,12181067.0,60651, 29/May/1998,8,32
634,18399421.0,60537, 29/May/1998,8,33
635,15123475.0,61073, 29/May/1998,8,34
636,14944083.0,61471, 29/May/1998,8,35
637,21979844.0,59849, 29/May/1998,8,36
638,16035589.0,60534, 29/May/1998,8,37
639,21468114.0,59041, 29/May/1998,8,38
640,22468029.0,61981, 29/May/1998,8,39
641,12896388.0,61966, 29/May/1998,8,40
642,16500975.0,61266, 29/May/1998,8,41
643,20768314.0,62334, 29/May/1998,8,42
644,17660027.0,63998, 29/May/1998,8,43
645,16171390.0,63092, 29/May/1998,8,44
646,32218531.0,62876, 29/May/1998,8,45
647,21336985.0,62380, 29/May/1998,8,46
648,22272799.0,62480, 29/May/1998,8,47
649,19369226.0,63487, 29/May/1998,8,48
650,20864074.0,62027, 29/May/1998,8,49
651,17790762.0,63924, 29/May/1998,8,50
652,22473328.0,61182, 29/May/1998,8,51
653,17562590.0,60777, 29/May/1998,8,52
654,20324258.0,61757, 29/May/1998,8,53
655,15395841.0,61825, 29/May/1998,8,54
656,23373960.0,63228, 29/May/1998,8,55
657,20945519.0,61833, 29/May/1998,8,56
658,34332014.0,62362, 29/May/1998,8,57
659,19325134.0,59918, 29/May/1998,8,58
660,22254778.0,61428, 29/May/1998,8,59
661,15188976.0,60282, 29/May/1998,9,0
662,19753589.0,60636, 29/May/1998,9,1
663,27616614.0,59121, 29/May/1998,9,2
664,20489666.0,60216, 29/May/1998,9,3
665,24861731.0,62579, 29/May/1998,9,4
666,24463454.0,62607, 29/May/1998,9,5
667,16020995.0,60721, 29/May/1998,9,6
668,12540982.0,60577, 29/May/1998,9,7
669,22440699.0,60834, 29/May/1998,9,8
670,24083754.0,61935, 29/May/1998,9,9
671,14248396.0,60339, 29/May/1998,9,10
672,22234816.0,60240, 29/May/1998,9,11
673,23875491.0,60274, 29/May/1998,9,12
674,20328562.0,59544, 29/May/1998,9,13
675,21169349.0,59837, 29/May/1998,9,14
676,23775773.0,60812, 29/May/1998,9,15
677,23759344.0,62613, 29/May/1998,9,16
678,20299505.0,60057, 29/May/1998,9,17
679,25648521.0,59255, 29/May/1998,9,18
680,24382588.0,61343, 29/May/1998,9,19
681,14936191.0,62615, 29/May/1998,9,20
682,13227668.0,61890, 29/May/1998,9,21
683,17622074.0,62556, 29/May/1998,9,22
684,20764873.0,62793, 29/May/1998,9,23
685,18964518.0,61645, 29/May/1998,9,24
686,23704480.0,59218, 29/May/1998,9,25
687,13119218.0,60378, 29/May/1998,9,26
688,17473880.0,61977, 29/May/1998,9,27
689,19952166.0,59409, 29/May/1998,9,28
690,14583110.0,59885, 29/May/1998,9,29
691,12863636.0,60349, 29/May/1998,9,30
692,19125712.0,59958, 29/May/1998,9,31
693,14925487.0,60651, 29/May/1998,9,32
694,20871053.0,60537, 29/May/1998,9,33
695,21767742.0,61073, 29/May/1998,9,34
696,25563455.0,61471, 29/May/1998,9,35
697,24855471.0,59849, 29/May/1998,9,36
698,19166996.0,60534, 29/May/1998,9,37
699,16570312.0,59041, 29/May/1998,9,38
700,19366621.0,61981, 29/May/1998,9,39
701,15899487.0,61966, 29/May/1998,9,40
702,11328192.0,61266, 29/May/1998,9,41
703,15497734.0,62334, 29/May/1998,9,42
704,20535538.0,63998, 29/May/1998,9,43
705,17215787.0,63092, 29/May/1998,9,44
706,23534906.0,62876, 29/May/1998,9,45
707,16523461.0,62380, 29/May/1998,9,46
708,21175463.0,62480, 29/May/1998,9,47
709,20987074.0,63487, 29/May/1998,9,48
710,20514869.0,62027, 29/May/1998,9,49
711,21883677.0,63924, 29/May/1998,9,50
712,25263803.0,61182, 29/May/1998,9,51
713,18948923.0,60777, 29/May/1998,9,52
714,19578448.0,61757, 29/May/1998,9,53
715,20206631.0,61825, 29/May/1998,9,54
716,23211112.0,63228, 29/May/1998,9,55
717,19014704.0,61833, 29/May/1998,9,56
718,16621456.0,62362, 29/May/1998,9,57
719,17350908.0,59918, 29/May/1998,9,58
720,20992186.0,61428, 29/May/1998,9,59
721,17836346.0,60282, 29/May/1998,10,0
722,15426335.0,60636, 29/May/1998,10,1
723,20931859.0,59121, 29/May/1998,10,2
724,16848158.0,60216, 29/May/1998,10,3
725,22600070.0,62579, 29/May/1998,10,4
726,26415631.0,62607, 29/May/1998,10,5
727,17293209.0,60721, 29/May/1998,10,6
728,19569997.0,60577, 29/May/1998,10,7
729,15963751.0,60834, 29/May/1998,10,8
730,16866304.0,61935, 29/May/1998,10,9
731,24616333.0,60339, 29/May/1998,10,10
732,19852846.0,60240, 29/May/1998,10,11
733,19458595.0,60274, 29/May/1998,10,12
734,22090064.0,59544, 29/May/1998,10,13
735,23342128.0,59837, 29/May/1998,10,14
736,16974727.0,60812, 29/May/1998,10,15
737,18461788.0,62613, 29/May/1998,10,16
738,17010513.0,60057, 29/May/1998,10,17
739,18144632.0,59255, 29/May/1998,10,18
740,17994078.0,61343, 29/May/1998,10,19
741,16989226.0,62615, 29/May/1998,10,20
742,10864433.0,61890, 29/May/1998,10,21
743,9631947.0,62556, 29/May/1998,10,22
744,20839977.0,62793, 29/May/1998,10,23
745,17270306.0,61645, 29/May/1998,10,24
746,21780512.0,59218, 29/May/1998,10,25
747,25106032.0,60378, 29/May/1998,10,26
748,19963822.0,61977, 29/May/1998,10,27
749,19784733.0,59409, 29/May/1998,10,28
750,18271525.0,59885, 29/May/1998,10,29
751,16488466.0,60349, 29/May/1998,10,30
752,17695520.0,59958, 29/May/1998,10,31
753,14334066.0,60651, 29/May/1998,10,32
754,19453414.0,60537, 29/May/1998,10,33
755,20757114.0,61073, 29/May/1998,10,34
756,22006266.0,61471, 29/May/1998,10,35
757,16377048.0,59849, 29/May/1998,10,36
758,14168818.0,60534, 29/May/1998,10,37
759,16804578.0,59041, 29/May/1998,10,38
760,12994169.0,61981, 29/May/1998,10,39
761,19124980.0,61966, 29/May/1998,10,40
762,16360047.0,61266, 29/May/1998,10,41
763,12368779.0,62334, 29/May/1998,10,42
764,22181740.0,63998, 29/May/1998,10,43
765,24319422.0,63092, 29/May/1998,10,44
766,20126045.0,62876, 29/May/1998,10,45
767,22354861.0,62380, 29/May/1998,10,46
768,21970201.0,62480, 29/May/1998,10,47
769,21550317.0,63487, 29/May/1998,10,48
770,22989106.0,62027, 29/May/1998,10,49
771,23373021.0,63924, 29/May/1998,10,50
772,17511459.0,61182, 29/May/1998,10,51
773,17330488.0,60777, 29/May/1998,10,52
774,21019110.0,61757, 29/May/1998,10,53
775,24964377.0,61825, 29/May/1998,10,54
776,14414412.0,63228, 29/May/1998,10,55
777,14291735.0,61833, 29/May/1998,10,56
778,22411551.0,62362, 29/May/1998,10,57
779,19975752.0,59918, 29/May/1998,10,58
780,26409283.0,61428, 29/May/1998,10,59
781,25232811.0,60282, 29/May/1998,11,0
782,16609228.0,60636, 29/May/1998,11,1
783,16683454.0,59121, 29/May/1998,11,2
784,22518575.0,60216, 29/May/1998,11,3
785,24820645.0,62579, 29/May/1998,11,4
786,19238659.0,62607, 29/May/1998,11,5
787,18977885.0,60721, 29/May/1998,11,6
788,22082222.0,60577, 29/May/1998,11,7
789,20863731.0,60834, 29/May/1998,11,8
790,25150937.0,61935, 29/May/1998,11,9
791,20529768.0,60339, 29/May/1998,11,10
792,21112646.0,60240, 29/May/1998,11,11
793,28961677.0,60274, 29/May/1998,11,12
794,22315642.0,59544, 29/May/1998,11,13
795,26537525.0,59837, 29/May/1998,11,14
796,17453558.0,60812, 29/May/1998,11,15
797,21648821.0,62613, 29/May/1998,11,16
798,27376269.0,60057, 29/May/1998,11,17
799,17990044.0,59255, 29/May/1998,11,18
800,18628214.0,61343, 29/May/1998,11,19
801,25508440.0,62615, 29/May/1998,11,20
802,23598013.0,61890, 29/May/1998,11,21
803,22377592.0,62556, 29/May/1998,11,22
804,15810203.0,62793, 29/May/1998,11,23
805,18215414.0,61645, 29/May/1998,11,24
806,16964076.0,59218, 29/May/1998,11,25
807,13398940.0,60378, 29/May/1998,11,26
808,17163543.0,61977, 29/May/1998,11,27
809,19791435.0,59409, 29/May/1998,11,28
810,22070054.0,59885, 29/May/1998,11,29
811,23995192.0,60349, 29/May/1998,11,30
812,20558247.0,59958, 29/May/1998,11,31
813,17808924.0,60651, 29/May/1998,11,32
814,20966386.0,60537, 29/May/1998,11,33
815,15859090.0,61073, 29/May/1998,11,34
816,15189185.0,61471, 29/May/1998,11,35
817,21568934.0,59849, 29/May/1998,11,36
818,20472135.0,60534, 29/May/1998,11,37
819,17589747.0,59041, 29/May/1998,11,38
820,18859406.0,61981, 29/May/1998,11,39
821,23018046.0,61966, 29/May/1998,11,40
822,18698627.0,61266, 29/May/1998,11,41
823,17997807.0,62334, 29/May/1998,11,42
824,18524959.0,63998, 29/May/1998,11,43
825,26077913.0,63092, 29/May/1998,11,44
826,24927927.0,62876, 29/May/1998,11,45
827,19055067.0,62380, 29/May/1998,11,46
828,19743332.0,62480, 29/May/1998,11,47
829,16283838.0,63487, 29/May/1998,11,48
830,23772000.0,62027, 29/May/1998,11,49
831,16376836.0,63924, 29/May/1998,11,50
832,24797030.0,61182, 29/May/1998,11,51
833,19708160.0,60777, 29/May/1998,11,52
834,16615596.0,61757, 29/May/1998,11,53
835,18150635.0,61825, 29/May/1998,11,54
836,19925703.0,63228, 29/May/1998,11,55
837,23479590.0,61833, 29/May/1998,11,56
838,25083202.0,62362, 29/May/1998,11,57
839,18583440.0,59918, 29/May/1998,11,58
840,19947912.0,61428, 29/May/1998,11,59
841,17532652.0,60282, 29/May/1998,12,0
842,21861978.0,60636, 29/May/1998,12,1
843,19251036.0,59121, 29/May/1998,12,2
844,15342175.0,60216, 29/May/1998,12,3
845,18357700.0,62579, 29/May/1998,12,4
846,22900572.0,62607, 29/May/1998,12,5
847,33051653.0,60721, 29/May/1998,12,6
848,26175408.0,60577, 29/May/1998,12,7
849,14833272.0,60834, 29/May/1998,12,8
850,28214437.0,61935, 29/May/1998,12,9
851,17541265.0,60339, 29/May/1998,12,10
852,18185198.0,60240, 29/May/1998,12,11
853,20000985.0,60274, 29/May/1998,12,12
854,14289285.0,59544, 29/May/1998,12,13
855,14093750.0,59837, 29/May/1998,12,14
856,18072455.0,60812, 29/May/1998,12,15
857,21351226.0,62613, 29/May/1998,12,16
858,28915531.0,60057, 29/May/1998,12,17
859,20029510.0,59255, 29/May/1998,12,18
860,17199437.0,61343, 29/May/1998,12,19
861,19971698.0,62615, 29/May/1998,12,20
862,19134377.0,61890, 29/May/1998,12,21
863,20143529.0,62556, 29/May/1998,12,22
864,20730240.0,62793, 29/May/1998,12,23
865,29247885.0,61645, 29/May/1998,12,24
866,24554905.0,59218, 29/May/1998,12,25
867,24459952.0,60378, 29/May/1998,12,26
868,23739792.0,61977, 29/May/1998,12,27
869,16742080.0,59409, 29/May/1998,12,28
870,21423101.0,59885, 29/May/1998,12,29
871,21008096.0,60349, 29/May/1998,12,30
872,19703569.0,59958, 29/May/1998,12,31
873,20635403.0,60651, 29/May/1998,12,32
874,22623351.0,60537, 29/May/1998,12,33
875,18966209.0,61073, 29/May/1998,12,34
876,20467298.0,61471, 29/May/1998,12,35
877,24165218.0,59849, 29/May/1998,12,36
878,23760840.0,60534, 29/May/1998,12,37
879,17501204.0,59041, 29/May/1998,12,38
880,26336106.0,61981, 29/May/1998,12,39
881,23501081.0,61966, 29/May/1998,12,40
882,24124938.0,61266, 29/May/1998,12,41
883,25945498.0,62334, 29/May/1998,12,42
884,22446025.0,63998, 29/May/1998,12,43
885,21985206.0,63092, 29/May/1998,12,44
886,22317141.0,62876, 29/May/1998,12,45
887,20883927.0,62380, 29/May/1998,12,46
888,20496123.0,62480, 29/May/1998,12,47
889,17691703.0,63487, 29/May/1998,12,48
890,21850519.0,62027, 29/May/1998,12,49
891,26392507.0,63924, 29/May/1998,12,50
892,26383226.0,61182, 29/May/1998,12,51
893,22761206.0,60777, 29/May/1998,12,52
894,20557640.0,61757, 29/May/1998,12,53
895,21567410.0,61825, 29/May/1998,12,54
896,28303612.0,63228, 29/May/1998,12,55
897,18849250.0,61833, 29/May/1998,12,56
898,20969134.0,62362, 29/May/1998,12,57
899,22285007.0,59918, 29/May/1998,12,58
900,25398191.0,61428, 29/May/1998,12,59
901,23438790.0,60282, 29/May/1998,13,0
902,20340842.0,60636, 29/May/1998,13,1
903,22528042.0,59121, 29/May/1998,13,2
904,20522677.0,60216, 29/May/1998,13,3
905,26852719.0,62579, 29/May/1998,13,4
906,24230909.0,62607, 29/May/1998,13,5
907,24333148.0,60721, 29/May/1998,13,6
908,20467404.0,60577, 29/May/1998,13,7
909,20612201.0,60834, 29/May/1998,13,8
910,28495716.0,61935, 29/May/1998,13,9
911,16816836.0,60339, 29/May/1998,13,10
912,21487573.0,60240, 29/May/1998,13,11
913,21123313.0,60274, 29/May/1998,13,12
914,23697136.0,59544, 29/May/1998,13,13
915,21904604.0,59837, 29/May/1998,13,14
916,24643120.0,60812, 29/May/1998,13,15
917,32700006.0,62613, 29/May/1998,13,16
918,20514045.0,60057, 29/May/1998,13,17
919,21055667.0,59255, 29/May/1998,13,18
920,18117553.0,61343, 29/May/1998,13,19
921,26818993.0,62615, 29/May/1998,13,20
922,21778405.0,61890, 29/May/1998,13,21
923,16599879.0,62556, 29/May/1998,13,22
924,21054010.0,62793, 29/May/1998,13,23
925,26506743.0,61645, 29/May/1998,13,24
926,17710597.0,59218, 29/May/1998,13,25
927,23529796.0,60378, 29/May/1998,13,26
928,19169328.0,61977, 29/May/1998,13,27
929,17018241.0,59409, 29/May/1998,13,28
930,23508520.0,59885, 29/May/1998,13,29
931,21101686.0,60349, 29/May/1998,13,30
932,25629462.0,59958, 29/May/1998,13,31
933,29376504.0,60651, 29/May/1998,13,32
934,20813793.0,60537, 29/May/1998,13,33
935,25704253.0,61073, 29/May/1998,13,34
936,25876308.0,61471, 29/May/1998,13,35
937,24323476.0,59849, 29/May/1998,13,36
938,25714645.0,60534, 29/May/1998,13,37
939,22492478.0,59041, 29/May/1998,13,38
940,23244960.0,61981, 29/May/1998,13,39
941,32690753.0,61966, 29/May/1998,13,40
942,29978936.0,61266, 29/May/1998,13,41
943,25223875.0,62334, 29/May/1998,13,42
944,28606698.0,63998, 29/May/1998,13,43
945,29127364.0,63092, 29/May/1998,13,44
946,25916581.0,62876, 29/May/1998,13,45
947,28901170.0,62380, 29/May/1998,13,46
948,28628743.0,62480, 29/May/1998,13,47
949,22988042.0,63487, 29/May/1998,13,48
950,32051362.0,62027, 29/May/1998,13,49
951,25386471.0,63924, 29/May/1998,13,50
952,27522747.0,61182, 29/May/1998,13,51
953,20274841.0,60777, 29/May/1998,13,52
954,25007294.0,61757, 29/May/1998,13,53
955,24955855.0,61825, 29/May/1998,13,54
956,26046005.0,63228, 29/May/1998,13,55
957,29815494.0,61833, 29/May/1998,13,56
958,30050364.0,62362, 29/May/1998,13,57
959,28782052.0,59918, 29/May/1998,13,58
960,22754687.0,61428, 29/May/1998,13,59
961,25286192.0,60282, 29/May/1998,14,0
962,24214806.0,60636, 29/May/1998,14,1
963,22663739.0,59121, 29/May/1998,14,2
964,22145770.0,60216, 29/May/1998,14,3
965,25717140.0,62579, 29/May/1998,14,4
966,24565037.0,62607, 29/May/1998,14,5
967,33822436.0,60721, 29/May/1998,14,6
968,26391313.0,60577, 29/May/1998,14,7
969,21029572.0,60834, 29/May/1998,14,8
970,25196511.0,61935, 29/May/1998,14,9
971,29768816.0,60339, 29/May/1998,14,10
972,21492839.0,60240, 29/May/1998,14,11
973,24948992.0,60274, 29/May/1998,14,12
974,23540781.0,59544, 29/May/1998,14,13
975,19541984.0,59837, 29/May/1998,14,14
976,20783545.0,60812, 29/May/1998,14,15
977,20926980.0,62613, 29/May/1998,14,16
978,19623272.0,60057, 29/May/1998,14,17
979,16896380.0,59255, 29/May/1998,14,18
980,31582083.0,61343, 29/May/1998,14,19
981,21264601.0,62615, 29/May/1998,14,20
982,16650237.0,61890, 29/May/1998,14,21
983,36516253.0,62556, 29/May/1998,14,22
984,26150034.0,62793, 29/May/1998,14,23
985,26357415.0,61645, 29/May/1998,14,24
986,23814711.0,59218, 29/May/1998,14,25
987,23855899.0,60378, 29/May/1998,14,26
988,25172608.0,61977, 29/May/1998,14,27
989,27838040.0,59409, 29/May/1998,14,28
990,20702058.0,59885, 29/May/1998,14,29
991,23967842.0,60349, 29/May/1998,14,30
992,24202768.0,59958, 29/May/1998,14,31
993,20893402.0,60651, 29/May/1998,14,32
994,24236638.0,60537, 29/May/1998,14,33
995,19783069.0,61073, 29/May/1998,14,34
996,23733084.0,61471, 29/May/1998,14,35
997,17440079.0,59849, 29/May/1998,14,36
998,25334199.0,60534, 29/May/1998,14,37
999,25022554.0,59041, 29/May/1998,14,38
1000,21576284.0,61981, 29/May/1998,14,39
1001,19135061.0,61966, 29/May/1998,14,40
1002,31019149.0,61266, 29/May/1998,14,41
1003,29511121.0,62334, 29/May/1998,14,42
1004,36770079.0,63998, 29/May/1998,14,43
1005,22703236.0,63092, 29/May/1998,14,44
1006,29994608.0,62876, 29/May/1998,14,45
1007,33780034.0,62380, 29/May/1998,14,46
1008,26799542.0,62480, 29/May/1998,14,47
1009,25916585.0,63487, 29/May/1998,14,48
1010,33677101.0,62027, 29/May/1998,14,49
1011,33806609.0,63924, 29/May/1998,14,50
1012,22765707.0,61182, 29/May/1998,14,51
1013,22605730.0,60777, 29/May/1998,14,52
1014,17773969.0,61757, 29/May/1998,14,53
1015,25989260.0,61825, 29/May/1998,14,54
1016,22616327.0,63228, 29/May/1998,14,55
1017,22424135.0,61833, 29/May/1998,14,56
1018,32049900.0,62362, 29/May/1998,14,57
1019,25649615.0,59918, 29/May/1998,14,58
1020,25766202.0,61428, 29/May/1998,14,59
1021,25296702.0,60282, 29/May/1998,15,0
1022,22472196.0,60636, 29/May/1998,15,1
1023,23256883.0,59121, 29/May/1998,15,2
1024,31553539.0,60216, 29/May/1998,15,3
1025,29456379.0,62579, 29/May/1998,15,4
1026,25945554.0,62607, 29/May/1998,15,5
1027,28399235.0,60721, 29/May/1998,15,6
1028,24003852.0,60577, 29/May/1998,15,7
1029,34243818.0,60834, 29/May/1998,15,8
1030,27133257.0,61935, 29/May/1998,15,9
1031,30858259.0,60339, 29/May/1998,15,10
1032,23188203.0,60240, 29/May/1998,15,11
1033,28375316.0,60274, 29/May/1998,15,12
1034,31069846.0,59544, 29/May/1998,15,13
1035,24968521.0,59837, 29/May/1998,15,14
1036,31885710.0,60812, 29/May/1998,15,15
1037,30032653.0,62613, 29/May/1998,15,16
1038,26514869.0,60057, 29/May/1998,15,17
1039,34117685.0,59255, 29/May/1998,15,18
1040,29777963.0,61343, 29/May/1998,15,19
1041,27829493.0,62615, 29/May/1998,15,20
1042,30722645.0,61890, 29/May/1998,15,21
1043,18955084.0,62556, 29/May/1998,15,22
1044,23467132.0,62793, 29/May/1998,15,23
1045,21531971.0,61645, 29/May/1998,15,24
1046,19864874.0,59218, 29/May/1998,15,25
1047,17731987.0,60378, 29/May/1998,15,26
1048,21767941.0,61977, 29/May/1998,15,27
1049,25402190.0,59409, 29/May/1998,15,28
1050,26473659.0,59885, 29/May/1998,15,29
1051,31524671.0,60349, 29/May/1998,15,30
1052,29301839.0,59958, 29/May/1998,15,31
1053,20887318.0,60651, 29/May/1998,15,32
1054,35124678.0,60537, 29/May/1998,15,33
1055,25066436.0,61073, 29/May/1998,15,34
1056,23254893.0,61471, 29/May/1998,15,35
1057,24173123.0,59849, 29/May/1998,15,36
1058,22804970.0,60534, 29/May/1998,15,37
1059,19176324.0,59041, 29/May/1998,15,38
1060,23508959.0,61981, 29/May/1998,15,39
1061,21974628.0,61966, 29/May/1998,15,40
1062,29914628.0,61266, 29/May/1998,15,41
1063,20520904.0,62334, 29/May/1998,15,42
1064,17519648.0,63998, 29/May/1998,15,43
1065,19229391.0,63092, 29/May/1998,15,44
1066,23932151.0,62876, 29/May/1998,15,45
1067,23618952.0,62380, 29/May/1998,15,46
1068,22055061.0,62480, 29/May/1998,15,47
1069,25232878.0,63487, 29/May/1998,15,48
1070,17168412.0,62027, 29/May/1998,15,49
1071,26362307.0,63924, 29/May/1998,15,50
1072,21434829.0,61182, 29/May/1998,15,51
1073,23457743.0,60777, 29/May/1998,15,52
1074,19761770.0,61757, 29/May/1998,15,53
1075,23668578.0,61825, 29/May/1998,15,54
1076,26412110.0,63228, 29/May/1998,15,55
1077,34738597.0,61833, 29/May/1998,15,56
1078,23779660.0,62362, 29/May/1998,15,57
1079,22700132.0,59918, 29/May/1998,15,58
1080,27689850.0,61428, 29/May/1998,15,59
1081,30538163.0,60282, 29/May/1998,16,0
1082,23856929.0,60636, 29/May/1998,16,1
1083,27344717.0,59121, 29/May/1998,16,2
1084,28106488.0,60216, 29/May/1998,16,3
1085,21871455.0,62579, 29/May/1998,16,4
1086,26076738.0,62607, 29/May/1998,16,5
1087,21198117.0,60721, 29/May/1998,16,6
1088,18742046.0,60577, 29/May/1998,16,7
1089,20423517.0,60834, 29/May/1998,16,8
1090,24592743.0,61935, 29/May/1998,16,9
1091,22559845.0,60339, 29/May/1998,16,10
1092,20333503.0,60240, 29/May/1998,16,11
1093,24239596.0,60274, 29/May/1998,16,12
1094,25332968.0,59544, 29/May/1998,16,13
1095,23650145.0,59837, 29/May/1998,16,14
1096,26564679.0,60812, 29/May/1998,16,15
1097,23766943.0,62613, 29/May/1998,16,16
1098,24899840.0,60057, 29/May/1998,16,17
1099,21774691.0,59255, 29/May/1998,16,18
1100,30482000.0,61343, 29/May/1998,16,19
1101,19150993.0,62615, 29/May/1998,16,20
1102,23506627.0,61890, 29/May/1998,16,21
1103,22843779.0,62556, 29/May/1998,16,22
1104,21518574.0,62793, 29/May/1998,16,23
1105,23645655.0,61645, 29/May/1998,16,24
1106,28953532.0,59218, 29/May/1998,16,25
1107,33591646.0,60378, 29/May/1998,16,26
1108,25479328.0,61977, 29/May/1998,16,27
1109,23778920.0,59409, 29/May/1998,16,28
1110,23533172.0,59885, 29/May/1998,16,29
1111,28131596.0,60349, 29/May/1998,16,30
1112,22642537.0,59958, 29/May/1998,16,31
1113,32794106.0,60651, 29/May/1998,16,32
1114,21070701.0,60537, 29/May/1998,16,33
1115,17565495.0,61073, 29/May/1998,16,34
1116,24105723.0,61471, 29/May/1998,16,35
1117,25418226.0,59849, 29/May/1998,16,36
1118,19437105.0,60534, 29/May/1998,16,37
1119,15841692.0,59041, 29/May/1998,16,38
1120,25168746.0,61981, 29/May/1998,16,39
1121,28432503.0,61966, 29/May/1998,16,40
1122,24364956.0,61266, 29/May/1998,16,41
1123,23448819.0,62334, 29/May/1998,16,42
1124,18575296.0,63998, 29/May/1998,16,43
1125,22192665.0,63092, 29/May/1998,16,44
1126,23303435.0,62876, 29/May/1998,16,45
1127,25558321.0,62380, 29/May/1998,16,46
1128,23618644.0,62480, 29/May/1998,16,47
1129,19343821.0,63487, 29/May/1998,16,48
1130,22404338.0,62027, 29/May/1998,16,49
1131,29141300.0,63924, 29/May/1998,16,50
1132,21842181.0,61182, 29/May/1998,16,51
1133,23779541.0,60777, 29/May/1998,16,52
1134,24168376.0,61757, 29/May/1998,16,53
1135,18250103.0,61825, 29/May/1998,16,54
1136,20545881.0,63228, 29/May/1998,16,55
1137,22571717.0,61833, 29/May/1998,16,56
1138,24567114.0,62362, 29/May/1998,16,57
1139,14153456.0,59918, 29/May/1998,16,58
1140,21366458.0,61428, 29/May/1998,16,59
1141,25327992.0,60282, 29/May/1998,17,0
1142,17656099.0,60636, 29/May/1998,17,1
1143,17871334.0,59121, 29/May/1998,17,2
1144,21086522.0,60216, 29/May/1998,17,3
1145,20304522.0,62579, 29/May/1998,17,4
1146,17955799.0,62607, 29/May/1998,17,5
1147,17251700.0,60721, 29/May/1998,17,6
1148,19983783.0,60577, 29/May/1998,17,7
1149,24508891.0,60834, 29/May/1998,17,8
1150,19385689.0,61935, 29/May/1998,17,9
1151,20360927.0,60339, 29/May/1998,17,10
1152,16209207.0,60240, 29/May/1998,17,11
1153,19835004.0,60274, 29/May/1998,17,12
1154,25183899.0,59544, 29/May/1998,17,13
1155,21450091.0,59837, 29/May/1998,17,14
1156,19767402.0,60812, 29/May/1998,17,15
1157,20201509.0,62613, 29/May/1998,17,16
1158,20046721.0,60057, 29/May/1998,17,17
1159,20467418.0,59255, 29/May/1998,17,18
1160,21144077.0,61343, 29/May/1998,17,19
1161,18516994.0,62615, 29/May/1998,17,20
1162,24354363.0,61890, 29/May/1998,17,21
1163,21273472.0,62556, 29/May/1998,17,22
1164,27257306.0,62793, 29/May/1998,17,23
1165,19853887.0,61645, 29/May/1998,17,24
1166,21959007.0,59218, 29/May/1998,17,25
1167,17624423.0,60378, 29/May/1998,17,26
1168,26274723.0,61977, 29/May/1998,17,27
1169,26701663.0,59409, 29/May/1998,17,28
1170,16762391.0,59885, 29/May/1998,17,29
1171,24517081.0,60349, 29/May/1998,17,30
1172,17263118.0,59958, 29/May/1998,17,31
1173,19850697.0,60651, 29/May/1998,17,32
1174,18660035.0,60537, 29/May/1998,17,33
1175,22502421.0,61073, 29/May/1998,17,34
1176,21239725.0,61471, 29/May/1998,17,35
1177,17431960.0,59849, 29/May/1998,17,36
1178,15104343.0,60534, 29/May/1998,17,37
1179,19704915.0,59041, 29/May/1998,17,38
1180,18857684.0,61981, 29/May/1998,17,39
1181,17530498.0,61966, 29/May/1998,17,40
1182,26521373.0,61266, 29/May/1998,17,41
1183,23116982.0,62334, 29/May/1998,17,42
1184,19832233.0,63998, 29/May/1998,17,43
1185,19017182.0,63092, 29/May/1998,17,44
1186,23158251.0,62876, 29/May/1998,17,45
1187,19251737.0,62380, 29/May/1998,17,46
1188,17622327.0,62480, 29/May/1998,17,47
1189,19426504.0,63487, 29/May/1998,17,48
1190,27375107.0,62027, 29/May/1998,17,49
1191,25381603.0,63924, 29/May/1998,17,50
1192,20185445.0,61182, 29/May/1998,17,51
1193,17116196.0,60777, 29/May/1998,17,52
1194,18289355.0,61757, 29/May/1998,17,53
1195,19612824.0,61825, 29/May/1998,17,54
1196,18732860.0,63228, 29/May/1998,17,55
1197,19424396.0,61833, 29/May/1998,17,56
1198,31303138.0,62362, 29/May/1998,17,57
1199,21012427.0,59918, 29/May/1998,17,58
1200,26153048.0,61428, 29/May/1998,17,59
1201,20845263.0,60282, 29/May/1998,18,0
1202,27497781.0,60636, 29/May/1998,18,1
1203,20733814.0,59121, 29/May/1998,18,2
1204,24034981.0,60216, 29/May/1998,18,3
1205,25452195.0,62579, 29/May/1998,18,4
1206,21043129.0,62607, 29/May/1998,18,5
1207,23658086.0,60721, 29/May/1998,18,6
1208,23386933.0,60577, 29/May/1998,18,7
1209,18627214.0,60834, 29/May/1998,18,8
1210,21241117.0,61935, 29/May/1998,18,9
1211,18776530.0,60339, 29/May/1998,18,10
1212,18772961.0,60240, 29/May/1998,18,11
1213,16665155.0,60274, 29/May/1998,18,12
1214,22148928.0,59544, 29/May/1998,18,13
1215,19382717.0,59837, 29/May/1998,18,14
1216,24019127.0,60812, 29/May/1998,18,15
1217,19737037.0,62613, 29/May/1998,18,16
1218,23634663.0,60057, 29/May/1998,18,17
1219,22738439.0,59255, 29/May/1998,18,18
1220,21186672.0,61343, 29/May/1998,18,19
1221,20610933.0,62615, 29/May/1998,18,20
1222,25082094.0,61890, 29/May/1998,18,21
1223,22864373.0,62556, 29/May/1998,18,22
1224,22078931.0,62793, 29/May/1998,18,23
1225,18508474.0,61645, 29/May/1998,18,24
1226,18349660.0,59218, 29/May/1998,18,25
1227,18614153.0,60378, 29/May/1998,18,26
1228,13360430.0,61977, 29/May/1998,18,27
1229,13106090.0,59409, 29/May/1998,18,28
1230,13557734.0,59885, 29/May/1998,18,29
1231,15133558.0,60349, 29/May/1998,18,30
1232,22264720.0,59958, 29/May/1998,18,31
1233,18578918.0,60651, 29/May/1998,18,32
1234,21142847.0,60537, 29/May/1998,18,33
1235,21766747.0,61073, 29/May/1998,18,34
1236,22361189.0,61471, 29/May/1998,18,35
1237,33834934.0,59849, 29/May/1998,18,36
1238,21225794.0,60534, 29/May/1998,18,37
1239,19871355.0,59041, 29/May/1998,18,38
1240,20258077.0,61981, 29/May/1998,18,39
1241,20079071.0,61966, 29/May/1998,18,40
1242,25077807.0,61266, 29/May/1998,18,41
1243,21875317.0,62334, 29/May/1998,18,42
1244,18619918.0,63998, 29/May/1998,18,43
1245,13352779.0,63092, 29/May/1998,18,44
1246,13637096.0,62876, 29/May/1998,18,45
1247,19752567.0,62380, 29/May/1998,18,46
1248,18740627.0,62480, 29/May/1998,18,47
1249,16277369.0,63487, 29/May/1998,18,48
1250,24341691.0,62027, 29/May/1998,18,49
1251,24295110.0,63924, 29/May/1998,18,50
1252,19588153.0,61182, 29/May/1998,18,51
1253,21180936.0,60777, 29/May/1998,18,52
1254,24749266.0,61757, 29/May/1998,18,53
1255,14134307.0,61825, 29/May/1998,18,54
1256,16327524.0,63228, 29/May/1998,18,55
1257,14640884.0,61833, 29/May/1998,18,56
1258,18543635.0,62362, 29/May/1998,18,57
1259,22771488.0,59918, 29/May/1998,18,58
1260,24858630.0,61428, 29/May/1998,18,59
1261,26140010.0,60282, 29/May/1998,19,0
1262,18924098.0,60636, 29/May/1998,19,1
1263,14016767.0,59121, 29/May/1998,19,2
1264,25626126.0,60216, 29/May/1998,19,3
1265,20094788.0,62579, 29/May/1998,19,4
1266,20942960.0,62607, 29/May/1998,19,5
1267,17622317.0,60721, 29/May/1998,19,6
1268,11882762.0,60577, 29/May/1998,19,7
1269,16540477.0,60834, 29/May/1998,19,8
1270,17849455.0,61935, 29/May/1998,19,9
1271,26016786.0,60339, 29/May/1998,19,10
1272,23726681.0,60240, 29/May/1998,19,11
1273,15714516.0,60274, 29/May/1998,19,12
1274,14870688.0,59544, 29/May/1998,19,13
1275,23266986.0,59837, 29/May/1998,19,14
1276,25757055.0,60812, 29/May/1998,19,15
1277,25813560.0,62613, 29/May/1998,19,16
1278,17685999.0,60057, 29/May/1998,19,17
1279,15808783.0,59255, 29/May/1998,19,18
1280,25216033.0,61343, 29/May/1998,19,19
1281,16824945.0,62615, 29/May/1998,19,20
1282,30973221.0,61890, 29/May/1998,19,21
1283,27146994.0,62556, 29/May/1998,19,22
1284,22664610.0,62793, 29/May/1998,19,23
1285,18828799.0,61645, 29/May/1998,19,24
1286,17682012.0,59218, 29/May/1998,19,25
1287,18081980.0,60378, 29/May/1998,19,26
1288,19365696.0,61977, 29/May/1998,19,27
1289,18034564.0,59409, 29/May/1998,19,28
1290,18060874.0,59885, 29/May/1998,19,29
1291,20624736.0,60349, 29/May/1998,19,30
1292,17883620.0,59958, 29/May/1998,19,31
1293,16111039.0,60651, 29/May/1998,19,32
1294,15514093.0,60537, 29/May/1998,19,33
1295,13263241.0,61073, 29/May/1998,19,34
1296,13810728.0,61471, 29/May/1998,19,35
1297,13503414.0,59849, 29/May/1998,19,36
1298,17039813.0,60534, 29/May/1998,19,37
1299,15202901.0,59041, 29/May/1998,19,38
1300,12562947.0,61981, 29/May/1998,19,39
1301,22684703.0,61966, 29/May/1998,19,40
1302,20280181.0,61266, 29/May/1998,19,41
1303,19163684.0,62334, 29/May/1998,19,42
1304,22400681.0,63998, 29/May/1998,19,43
1305,18924097.0,63092, 29/May/1998,19,44
1306,22073676.0,62876, 29/May/1998,19,45
1307,16271521.0,62380, 29/May/1998,19,46
1308,16389144.0,62480, 29/May/1998,19,47
1309,18911322.0,63487, 29/May/1998,19,48
1310,16678087.0,62027, 29/May/1998,19,49
1311,15615225.0,63924, 29/May/1998,19,50
1312,13824788.0,61182, 29/May/1998,19,51
1313,13897432.0,60777, 29/May/1998,19,52
1314,17449413.0,61757, 29/May/1998,19,53
1315,20705183.0,61825, 29/May/1998,19,54
1316,16443214.0,63228, 29/May/1998,19,55
1317,14185140.0,61833, 29/May/1998,19,56
1318,18661755.0,62362, 29/May/1998,19,57
1319,18182221.0,59918, 29/May/1998,19,58
1320,15560026.0,61428, 29/May/1998,19,59
1321,17615513.0,60282, 29/May/1998,20,0
1322,28140212.0,60636, 29/May/1998,20,1
1323,23115882.0,59121, 29/May/1998,20,2
1324,19328893.0,60216, 29/May/1998,20,3
1325,24878050.0,62579, 29/May/1998,20,4
1326,30530155.0,62607, 29/May/1998,20,5
1327,25723080.0,60721, 29/May/1998,20,6
1328,26787384.0,60577, 29/May/1998,20,7
1329,35125702.0,60834, 29/May/1998,20,8
1330,29170893.0,61935, 29/May/1998,20,9
1331,22373522.0,60339, 29/May/1998,20,10
1332,25869881.0,60240, 29/May/1998,20,11
1333,25493819.0,60274, 29/May/1998,20,12
1334,17020570.0,59544, 29/May/1998,20,13
1335,33299776.0,59837, 29/May/1998,20,14
1336,23223271.0,60812, 29/May/1998,20,15
1337,17506064.0,62613, 29/May/1998,20,16
1338,25989789.0,60057, 29/May/1998,20,17
1339,19935401.0,59255, 29/May/1998,20,18
1340,27010856.0,61343, 29/May/1998,20,19
1341,30143123.0,62615, 29/May/1998,20,20
1342,20430141.0,61890, 29/May/1998,20,21
1343,14457606.0,62556, 29/May/1998,20,22
1344,17011869.0,62793, 29/May/1998,20,23
1345,18832465.0,61645, 29/May/1998,20,24
1346,20534454.0,59218, 29/May/1998,20,25
1347,13775529.0,60378, 29/May/1998,20,26
1348,18698403.0,61977, 29/May/1998,20,27
1349,22384311.0,59409, 29/May/1998,20,28
1350,18610804.0,59885, 29/May/1998,20,29
1351,28657965.0,60349, 29/May/1998,20,30
1352,21454595.0,59958, 29/May/1998,20,31
1353,15709432.0,60651, 29/May/1998,20,32
1354,26611552.0,60537, 29/May/1998,20,33
1355,24372610.0,61073, 29/May/1998,20,34
1356,23057382.0,61471, 29/May/1998,20,35
1357,22142071.0,59849, 29/May/1998,20,36
1358,22144892.0,60534, 29/May/1998,20,37
1359,20453657.0,59041, 29/May/1998,20,38
1360,23445864.0,61981, 29/May/1998,20,39
1361,26769964.0,61966, 29/May/1998,20,40
1362,15237289.0,61266, 29/May/1998,20,41
1363,19844914.0,62334, 29/May/1998,20,42
1364,19993157.0,63998, 29/May/1998,20,43
1365,25825080.0,63092, 29/May/1998,20,44
1366,27064737.0,62876, 29/May/1998,20,45
1367,21780926.0,62380, 29/May/1998,20,46
1368,22272352.0,62480, 29/May/1998,20,47
1369,18902214.0,63487, 29/May/1998,20,48
1370,18764460.0,62027, 29/May/1998,20,49
1371,16068885.0,63924, 29/May/1998,20,50
1372,20488278.0,61182, 29/May/1998,20,51
1373,23256266.0,60777, 29/May/1998,20,52
1374,27401867.0,61757, 29/May/1998,20,53
1375,15240434.0,61825, 29/May/1998,20,54
1376,18317233.0,63228, 29/May/1998,20,55
1377,16313898.0,61833, 29/May/1998,20,56
1378,20432210.0,62362, 29/May/1998,20,57
1379,19450198.0,59918, 29/May/1998,20,58
1380,19392044.0,61428, 29/May/1998,20,59
1381,24979727.0,60282, 29/May/1998,21,0
1382,21704433.0,60636, 29/May/1998,21,1
1383,17066020.0,59121, 29/May/1998,21,2
1384,17677960.0,60216, 29/May/1998,21,3
1385,20532967.0,62579, 29/May/1998,21,4
1386,20528699.0,62607, 29/May/1998,21,5
1387,20802083.0,60721, 29/May/1998,21,6
1388,19639923.0,60577, 29/May/1998,21,7
1389,26038706.0,60834, 29/May/1998,21,8
1390,18288108.0,61935, 29/May/1998,21,9
1391,25314693.0,60339, 29/May/1998,21,10
1392,18839659.0,60240, 29/May/1998,21,11
1393,17391248.0,60274, 29/May/1998,21,12
1394,17487499.0,59544, 29/May/1998,21,13
1395,24489081.0,59837, 29/May/1998,21,14
1396,24302898.0,60812, 29/May/1998,21,15
1397,19716134.0,62613, 29/May/1998,21,16
1398,33547086.0,60057, 29/May/1998,21,17
1399,29056445.0,59255, 29/May/1998,21,18
1400,14712481.0,61343, 29/May/1998,21,19
1401,15918968.0,62615, 29/May/1998,21,20
1402,19324628.0,61890, 29/May/1998,21,21
1403,18500630.0,62556, 29/May/1998,21,22
1404,19331401.0,62793, 29/May/1998,21,23
1405,21804613.0,61645, 29/May/1998,21,24
1406,18408256.0,59218, 29/May/1998,21,25
1407,22854241.0,60378, 29/May/1998,21,26
1408,19122383.0,61977, 29/May/1998,21,27
1409,23237371.0,59409, 29/May/1998,21,28
1410,28153195.0,59885, 29/May/1998,21,29
1411,26791962.0,60349, 29/May/1998,21,30
1412,22958410.0,59958, 29/May/1998,21,31
1413,20521647.0,60651, 29/May/1998,21,32
1414,19932084.0,60537, 29/May/1998,21,33
1415,19097926.0,61073, 29/May/1998,21,34
1416,14656876.0,61471, 29/May/1998,21,35
1417,22214040.0,59849, 29/May/1998,21,36
1418,27005225.0,60534, 29/May/1998,21,37
1419,20459546.0,59041, 29/May/1998,21,38
1420,14351770.0,61981, 29/May/1998,21,39
1421,23046685.0,61966, 29/May/1998,21,40
1422,20273683.0,61266, 29/May/1998,21,41
1423,18322589.0,62334, 29/May/1998,21,42
1424,13144160.0,63998, 29/May/1998,21,43
1425,23678661.0,63092, 29/May/1998,21,44
1426,26533733.0,62876, 29/May/1998,21,45
1427,16730738.0,62380, 29/May/1998,21,46
1428,15433091.0,62480, 29/May/1998,21,47
1429,20908324.0,63487, 29/May/1998,21,48
1430,21621538.0,62027, 29/May/1998,21,49
1431,19891298.0,63924, 29/May/1998,21,50
1432,12822281.0,61182, 29/May/1998,21,51
1433,21068822.0,60777, 29/May/1998,21,52
1434,26885987.0,61757, 29/May/1998,21,53
1435,23623968.0,61825, 29/May/1998,21,54
1436,20848953.0,63228, 29/May/1998,21,55
1437,19846638.0,61833, 29/May/1998,21,56
1438,19267695.0,62362, 29/May/1998,21,57
1439,19837901.0,59918, 29/May/1998,21,58
1440,19719694.0,61428, 29/May/1998,21,59
